('TATGGCAC', 'TGTTCCGT')	1
('CTAGCTCA', 'CGGTAATC')	1
('CTCTGGAT', 'AGGATAGC')	1
('TCGACAAG', 'ATCATGCG')	1
('TGTTCCGT', 'TATGGCAC')	1
('TACCGGAT', 'TCGAGAGT')	1
('GATCAAGG', 'TCTTCGAC')	1
('ATCATGCG', 'TATGGCAC')	1
('GTCCTAAG', 'TATGGCAC')	1
('TCTTCGAC', 'TCGGATTC')	1
('TACCGGAT', 'AGGATAGC')	1
('GATCAAGG', 'GCTACTCT')	1
('CACTTCAC', 'TCTTCGAC')	1
('TACCGGAT', 'TCGACAAG')	1
('CTCTGGAT', 'TACCGGAT')	1
('AGAGTCCA', 'TACCGGAT')	1
('CACTTCAC', 'ACGATCAG')	1
('TATGGCAC', 'AACAGCGA')	1
('CGATCGAT', 'GTAGCGTA')	1
('TCTTCGAC', 'CTCTGGAT')	1
('CTAGCTCA', 'CTCTGGAT')	1
('CGATCGAT', 'TGTTCCGT')	1
('AGGATAGC', 'TCTTCGAC')	1
('TGTTCCGT', 'TACCGGAT')	1
('CTAGCTCA', 'TCGACAAG')	1
('TACCGGAT', 'CTCTGGAT')	1
('TATGGCAC', 'TCTTCGAC')	1
('TCGGATTC', 'ACGATCAG')	1
('TACCGGAT', 'TCTTCGAC')	1
('CGGTAATC', 'TACCGGAT')	1
('GATCAAGG', 'ACGATCAG')	1
('CGATCGAT', 'TACCGGAT')	1
('TCTTCGAC', 'ATCGTGGT')	1
('GTCCTAAG', 'CTAGCTCA')	1
('GCTACTCT', 'GTAGCGTA')	1
('GCTACTCT', 'TACCGGAT')	1
('TGTTCCGT', 'TAGCCATG')	1
('AGAGTCCA', 'CGATCGAT')	1
('TACCGGAT', 'GCTACTCT')	1
('TCGACAAG', 'AGAGTCCA')	1
('AGGATAGC', 'CTCTGGAT')	1
('GATCAAGG', 'GTCCTAAG')	1
('ATCATGCG', 'TCTTCGAC')	1
('AGGATAGC', 'TACCGGAT')	1
('GTCCTAAG', 'TACCGGAT')	1
('AGGATAGC', 'GTAGCGTA')	1
('AGGATAGC', 'GCTACTCT')	1
('CTCTGGAT', 'AACAGCGA')	1
('CTCTGGAT', 'GCTACTCT')	1
('CACTTCAC', 'TAGCCATG')	1
('TAGCCATG', 'CTCTGGAT')	1
('CTAGCTCA', 'GCTACTCT')	1
('CTCTGGAT', 'TATGGCAC')	1
('TCTTCGAC', 'GATCTTGC')	1
('TCTTCGAC', 'TACCGGAT')	1
('TCTTCGAC', 'GCTACTCT')	1
('AGGATAGC', 'TAGCCATG')	1
('TCGAGAGT', 'TATGGCAC')	1
('ATCATGCG', 'TACCGGAT')	1
('TACCGGAT', 'CGATCGAT')	1
('GATCAAGG', 'TACCGGAT')	1
('CGGTAATC', 'ATCGTGGT')	1
('ACGATCAG', 'TCGAGAGT')	1
('GATCAAGG', 'AGGATAGC')	1
('ACGATCAG', 'TACCGGAT')	1
('ATCGTGGT', 'TACCGGAT')	1
('TACCGGAT', 'CTAGCTCA')	1
('CTAGCTCA', 'AGGATAGC')	1
('TAGCCATG', 'TACCGGAT')	1
('CTAGCTCA', 'GTCCTAAG')	1
('TCTTCGAC', 'TATGGCAC')	1
('AGGATAGC', 'ATCATGCG')	1
('AACAGCGA', 'CACTTCAC')	1
('CGGTAATC', 'TCTTCGAC')	1
('TCGAGAGT', 'TGTTCCGT')	1
('ATCGTGGT', 'CTCTGGAT')	1
('TACCGGAT', 'CGGTAATC')	1
('TACCGGAT', 'ACGATCAG')	1
('CTAGCTCA', 'GTAGCGTA')	1
('AGAGTCCA', 'TCGGATTC')	1
('GTAGCGTA', 'TACCGGAT')	1
('CTCTGGAT', 'ATCGTGGT')	1
('TACCGGAT', 'AACAGCGA')	1
('TCGAGAGT', 'AGAGTCCA')	1
('CTCTGGAT', 'TAGCCATG')	1
('TGTTCCGT', 'TCTTCGAC')	1
('TACCGGAT', 'TGTTCCGT')	1
('TCTTCGAC', 'TCGAGAGT')	1
('TCTTCGAC', 'GTCCTAAG')	1
('ATCATGCG', 'AACAGCGA')	1
('GTAGCGTA', 'TAGCCATG')	1
('AGAGTCCA', 'TCGAGAGT')	1
('AGAGTCCA', 'ACGATCAG')	1
('TACCGGAT', 'ATCATGCG')	1
('AACAGCGA', 'TACCGGAT')	1
('TATGGCAC', 'TACCGGAT')	1
('CTCTGGAT', 'CTAGCTCA')	1
('TGTTCCGT', 'AGAGTCCA')	1
('ACGATCAG', 'CTAGCTCA')	1
('CTAGCTCA', 'TACCGGAT')	1
('TCTTCGAC', 'GATCAAGG')	1
('GATCAAGG', 'CTCTGGAT')	1
('TACCGGAT', 'CACTTCAC')	1
('ATCGTGGT', 'AGGATAGC')	1
('TCGAGAGT', 'CTAGCTCA')	1
('TGTTCCGT', 'CTCTGGAT')	1
('GCTACTCT', 'TGTTCCGT')	1
('TAGCCATG', 'TATGGCAC')	1
('CTAGCTCA', 'CACTTCAC')	1
('ATCGTGGT', 'GATCAAGG')	1
('CTAGCTCA', 'TCTTCGAC')	1
('CTCTGGAT', 'TCGGATTC')	1
('TACCGGAT', 'TAGCCATG')	1
('GTAGCGTA', 'TCGAGAGT')	1
('CGGTAATC', 'TAGCCATG')	1
('TACCGGAT', 'TATGGCAC')	1
('AGAGTCCA', 'TATGGCAC')	1
('TAGCCATG', 'TCGACAAG')	1
('CTAGCTCA', 'ATCATGCG')	1
('TCGAGAGT', 'TCTTCGAC')	1
('TGTTCCGT', 'TCGACAAG')	1
('CTCTGGAT', 'TCGAGAGT')	1
('GATCTTGC', 'AACAGCGA')	1
('TCGAGAGT', 'CTCTGGAT')	1
('TACCGGAT', 'GATCAAGG')	1
('TCGAGAGT', 'TACCGGAT')	1
('TATGGCAC', 'GTCCTAAG')	1
('CTCTGGAT', 'TGTTCCGT')	1
('ACGATCAG', 'TATGGCAC')	1
('AGGATAGC', 'GATCTTGC')	1
('CTAGCTCA', 'TATGGCAC')	1
('TCGAGAGT', 'TAGCCATG')	1
('CTCTGGAT', 'GTCCTAAG')	1
('ATCATGCG', 'TAGCCATG')	1
('TATGGCAC', 'CTCTGGAT')	1
('ATCATGCG', 'TGTTCCGT')	1
('TACCGGAT', 'AGAGTCCA')	1
('ACGATCAG', 'AACAGCGA')	1
('AGAGTCCA', 'CTCTGGAT')	1
('GCTACTCT', 'TCGAGAGT')	1
('TGTTCCGT', 'CGATCGAT')	1
('TCGGATTC', 'CACTTCAC')	1
('ATCGTGGT', 'AGAGTCCA')	1
('TCGGATTC', 'TAGCCATG')	1
('CTCTGGAT', 'AGAGTCCA')	1
('GATCTTGC', 'CTCTGGAT')	1
('TCGGATTC', 'TCGACAAG')	1
('ATCATGCG', 'TCGACAAG')	1
('TATGGCAC', 'CACTTCAC')	1
('AGGATAGC', 'CTAGCTCA')	1
('CACTTCAC', 'AGAGTCCA')	1
('AGGATAGC', 'ACGATCAG')	1
('TATGGCAC', 'TAGCCATG')	1
('TCGACAAG', 'TCGGATTC')	1
('AGAGTCCA', 'CTAGCTCA')	1
('TATGGCAC', 'AGAGTCCA')	1
('ATCGTGGT', 'CACTTCAC')	1
('TCGGATTC', 'GATCAAGG')	1
('GATCAAGG', 'CACTTCAC')	1
('GCTACTCT', 'TCGACAAG')	1
('CTCTGGAT', 'TCTTCGAC')	1
('TACCGGAT', 'GTAGCGTA')	1
('AGAGTCCA', 'GCTACTCT')	1
('CGATCGAT', 'CTCTGGAT')	1
('AGGATAGC', 'GATCAAGG')	1
('CTAGCTCA', 'AGAGTCCA')	1
('TCGACAAG', 'TCGAGAGT')	1
('ATCATGCG', 'AGAGTCCA')	1
('TCGAGAGT', 'AACAGCGA')	1
('CGATCGAT', 'ATCATGCG')	1
('AGGATAGC', 'AACAGCGA')	1
('GCTACTCT', 'CTCTGGAT')	1
('TCGGATTC', 'AACAGCGA')	1
('TCTTCGAC', 'CGATCGAT')	1
('CGATCGAT', 'AGGATAGC')	1
('TCTTCGAC', 'TCGACAAG')	1
('CACTTCAC', 'CTAGCTCA')	1
('CTCTGGAT', 'GTAGCGTA')	1
('TCGGATTC', 'TACCGGAT')	1
('TCTTCGAC', 'AGAGTCCA')	1
('GTAGCGTA', 'CACTTCAC')	1
('AACAGCGA', 'CGGTAATC')	1
('TGTTCCGT', 'CACTTCAC')	1
('GTAGCGTA', 'CGATCGAT')	1
('AACAGCGA', 'TCGAGAGT')	1
('TACCGGAT', 'ATCGTGGT')	1
('AGGATAGC', 'TGTTCCGT')	1
('TCGAGAGT', 'ATCGTGGT')	1
('ATCATGCG', 'CGGTAATC')	1
('GTAGCGTA', 'GATCTTGC')	1
('GTAGCGTA', 'ACGATCAG')	1
('GATCTTGC', 'CTAGCTCA')	1
('TAGCCATG', 'CACTTCAC')	1
('TAGCCATG', 'TGTTCCGT')	1
('CACTTCAC', 'GCTACTCT')	1
('ATCGTGGT', 'TCTTCGAC')	1
('AGAGTCCA', 'ATCGTGGT')	1
('TAGCCATG', 'CGGTAATC')	1
('TACCGGAT', 'GTCCTAAG')	1
('CGATCGAT', 'CTAGCTCA')	1
('TGTTCCGT', 'GCTACTCT')	1
('AACAGCGA', 'TCTTCGAC')	1
('TCGGATTC', 'GCTACTCT')	1
('CGGTAATC', 'GTCCTAAG')	1
('ATCATGCG', 'ACGATCAG')	1
('CACTTCAC', 'TACCGGAT')	1
('TCTTCGAC', 'TGTTCCGT')	1
('TATGGCAC', 'GCTACTCT')	1
('AGAGTCCA', 'AACAGCGA')	1
('TAGCCATG', 'TCTTCGAC')	1
('GTCCTAAG', 'AACAGCGA')	1
('TCTTCGAC', 'CGGTAATC')	1
('GATCAAGG', 'TGTTCCGT')	1
('TCGACAAG', 'TCTTCGAC')	1
('CGATCGAT', 'TCTTCGAC')	1
('TGTTCCGT', 'CTAGCTCA')	1
('ACGATCAG', 'ATCATGCG')	1
('GATCAAGG', 'TAGCCATG')	1
('TCGAGAGT', 'AGGATAGC')	1
('TAGCCATG', 'CTAGCTCA')	1
('CACTTCAC', 'TCGGATTC')	1
('GTCCTAAG', 'ACGATCAG')	1
('TAGCCATG', 'ACGATCAG')	1
('ACGATCAG', 'GTCCTAAG')	1
('ATCATGCG', 'CTAGCTCA')	1
('TGTTCCGT', 'ATCATGCG')	1
('ACGATCAG', 'CTCTGGAT')	1
('AGAGTCCA', 'GTAGCGTA')	1
('TCTTCGAC', 'AGGATAGC')	1
('GATCTTGC', 'CGATCGAT')	1
('CTAGCTCA', 'TCGAGAGT')	1
('CTCTGGAT', 'CGATCGAT')	1
('TCGACAAG', 'CTAGCTCA')	1
('CTAGCTCA', 'ATCGTGGT')	1
('ACGATCAG', 'TAGCCATG')	1
('AGGATAGC', 'TCGGATTC')	1
('GATCAAGG', 'GTAGCGTA')	1
('CTCTGGAT', 'CACTTCAC')	1
('AACAGCGA', 'CTAGCTCA')	1
('AACAGCGA', 'CTCTGGAT')	1
('AACAGCGA', 'CGATCGAT')	1
('CGATCGAT', 'GATCTTGC')	1
('GATCAAGG', 'ATCATGCG')	1
('GTAGCGTA', 'CTAGCTCA')	1
('AACAGCGA', 'ACGATCAG')	1
('TCGACAAG', 'TACCGGAT')	1
('GATCAAGG', 'CTAGCTCA')	1
('TCTTCGAC', 'CTAGCTCA')	1
('GTCCTAAG', 'TAGCCATG')	1
('GTCCTAAG', 'TCTTCGAC')	1
('TGTTCCGT', 'TCGAGAGT')	1
('GATCTTGC', 'CGGTAATC')	1
('CGGTAATC', 'GATCAAGG')	1
('CGGTAATC', 'TGTTCCGT')	1
('TATGGCAC', 'TCGAGAGT')	1
('AGGATAGC', 'TATGGCAC')	1
('TATGGCAC', 'TCGGATTC')	1
('AACAGCGA', 'TAGCCATG')	1
('GCTACTCT', 'TCTTCGAC')	1
('TATGGCAC', 'ATCGTGGT')	1
('CACTTCAC', 'TATGGCAC')	1
('GTCCTAAG', 'TCGGATTC')	1
('TATGGCAC', 'AGGATAGC')	1
('TCGAGAGT', 'GCTACTCT')	1
('TAGCCATG', 'GATCAAGG')	1
('TCTTCGAC', 'ACGATCAG')	1
('GTAGCGTA', 'GCTACTCT')	1
('GATCTTGC', 'TCTTCGAC')	1
('TCGGATTC', 'TCTTCGAC')	1
('CTCTGGAT', 'ATCATGCG')	1
('CGGTAATC', 'CTCTGGAT')	1
('CGGTAATC', 'TCGAGAGT')	1
('ATCATGCG', 'CTCTGGAT')	1
('ACGATCAG', 'AGAGTCCA')	1
('TCGGATTC', 'TCGAGAGT')	1
('AGGATAGC', 'TCGAGAGT')	1
('TCTTCGAC', 'ATCATGCG')	1
('AGAGTCCA', 'TCTTCGAC')	1
('TCGAGAGT', 'GATCAAGG')	1
('GTCCTAAG', 'GCTACTCT')	1
('ACGATCAG', 'ATCGTGGT')	1
('CTAGCTCA', 'ACGATCAG')	1
('TGTTCCGT', 'GATCAAGG')	1
('CGGTAATC', 'ACGATCAG')	1
('CGGTAATC', 'AGGATAGC')	1
('TCGGATTC', 'CGGTAATC')	1
('TCTTCGAC', 'GTAGCGTA')	1
('AGGATAGC', 'ATCGTGGT')	1
('GATCTTGC', 'TACCGGAT')	1
('CTAGCTCA', 'GATCAAGG')	1
('TCGACAAG', 'GATCAAGG')	1
('TCGGATTC', 'CGATCGAT')	1
('CGATCGAT', 'ACGATCAG')	1
('AACAGCGA', 'GATCTTGC')	1
('AACAGCGA', 'ATCGTGGT')	1
('ACGATCAG', 'CACTTCAC')	1
('GCTACTCT', 'GTCCTAAG')	1
('GTAGCGTA', 'TGTTCCGT')	1
('TGTTCCGT', 'TCGGATTC')	1
('TCTTCGAC', 'AACAGCGA')	1
('ACGATCAG', 'TCTTCGAC')	1
('AGGATAGC', 'GTCCTAAG')	1
('TATGGCAC', 'ACGATCAG')	1
('TGTTCCGT', 'GTCCTAAG')	1
('TACCGGAT', 'TCGGATTC')	1
('TGTTCCGT', 'ACGATCAG')	1
('GTAGCGTA', 'CTCTGGAT')	1
('GTCCTAAG', 'TGTTCCGT')	1
('CGATCGAT', 'GCTACTCT')	1
('GTCCTAAG', 'ATCATGCG')	1
('TATGGCAC', 'GTAGCGTA')	1
('TCGAGAGT', 'ACGATCAG')	1
('AGGATAGC', 'TCGACAAG')	1
('ATCATGCG', 'GCTACTCT')	1
('AACAGCGA', 'ATCATGCG')	1
('ACGATCAG', 'TCGGATTC')	1
('CTCTGGAT', 'GATCTTGC')	1
('CGGTAATC', 'TCGGATTC')	1
('CTCTGGAT', 'ACGATCAG')	1
('TCGAGAGT', 'CGATCGAT')	1
('TGTTCCGT', 'ATCGTGGT')	1
('AACAGCGA', 'GTCCTAAG')	1
('GTCCTAAG', 'ATCGTGGT')	1
('AGGATAGC', 'CGATCGAT')	1
('CTAGCTCA', 'TAGCCATG')	1
('ACGATCAG', 'GATCAAGG')	1
('CGATCGAT', 'CACTTCAC')	1
('GTCCTAAG', 'TCGAGAGT')	1
('AGAGTCCA', 'GTCCTAAG')	1
('GTCCTAAG', 'AGGATAGC')	1
('CTCTGGAT', 'GATCAAGG')	1
('GTCCTAAG', 'CTCTGGAT')	1
('CGGTAATC', 'TATGGCAC')	1
('CACTTCAC', 'CTCTGGAT')	1
('TCTTCGAC', 'TAGCCATG')	1
('GATCAAGG', 'ATCGTGGT')	1
('TCGACAAG', 'GTCCTAAG')	1
('ATCGTGGT', 'GTAGCGTA')	1
('AGGATAGC', 'CGGTAATC')	1
('TCGACAAG', 'CGATCGAT')	1
('TCGAGAGT', 'TCGGATTC')	1
('GCTACTCT', 'AGGATAGC')	1
('GATCTTGC', 'TATGGCAC')	1
('TGTTCCGT', 'GTAGCGTA')	1
('TCGACAAG', 'TAGCCATG')	1
('CTAGCTCA', 'TGTTCCGT')	1
('TACCGGAT', 'GATCTTGC')	1
('GATCTTGC', 'ACGATCAG')	1
('TATGGCAC', 'GATCTTGC')	1
('AGAGTCCA', 'ATCATGCG')	1
('ATCGTGGT', 'CTAGCTCA')	1
('ATCGTGGT', 'TCGAGAGT')	1
('TCGGATTC', 'GTCCTAAG')	1
('TATGGCAC', 'CTAGCTCA')	1
('ATCGTGGT', 'TGTTCCGT')	1
('ATCATGCG', 'ATCGTGGT')	1
('CGGTAATC', 'CTAGCTCA')	1
('GCTACTCT', 'GATCAAGG')	1
('TCGAGAGT', 'GTAGCGTA')	1
('TAGCCATG', 'GCTACTCT')	1
('GATCAAGG', 'CGATCGAT')	1
('GTAGCGTA', 'AGAGTCCA')	1
('TCGGATTC', 'GATCTTGC')	1
('CGATCGAT', 'AACAGCGA')	1
('CTCTGGAT', 'CGGTAATC')	1
('TCGACAAG', 'TGTTCCGT')	1
('ACGATCAG', 'CGGTAATC')	1
('GTAGCGTA', 'GATCAAGG')	1
('CGATCGAT', 'TATGGCAC')	1
('GCTACTCT', 'ACGATCAG')	1
('GTCCTAAG', 'GATCAAGG')	1
('GCTACTCT', 'GATCTTGC')	1
('CGGTAATC', 'TCGACAAG')	1
('TAGCCATG', 'ATCATGCG')	1
('ATCGTGGT', 'TATGGCAC')	1
('ATCATGCG', 'AGGATAGC')	1
('TGTTCCGT', 'AGGATAGC')	1
('TAGCCATG', 'GATCTTGC')	1
('AGAGTCCA', 'TCGACAAG')	1
('CTCTGGAT', 'TCGACAAG')	1
('AACAGCGA', 'TGTTCCGT')	1
('GTAGCGTA', 'TCGGATTC')	1
('CACTTCAC', 'AGGATAGC')	1
('TATGGCAC', 'ATCATGCG')	1
('GCTACTCT', 'TATGGCAC')	1
('AGGATAGC', 'AGAGTCCA')	1
('TATGGCAC', 'GATCAAGG')	1
('ATCGTGGT', 'TAGCCATG')	1
('TGTTCCGT', 'CGGTAATC')	1
('ATCATGCG', 'TCGAGAGT')	1
('AGAGTCCA', 'AGGATAGC')	1
('ACGATCAG', 'CGATCGAT')	1
('ATCATGCG', 'TCGGATTC')	1
('CACTTCAC', 'CGATCGAT')	1
('AGAGTCCA', 'CGGTAATC')	1
('CACTTCAC', 'ATCATGCG')	1
('TCGACAAG', 'AACAGCGA')	1
('ATCGTGGT', 'ACGATCAG')	1
('GTCCTAAG', 'CGATCGAT')	1
('TGTTCCGT', 'GATCTTGC')	1
('CTAGCTCA', 'GATCTTGC')	1
('GATCAAGG', 'AGAGTCCA')	1
('CACTTCAC', 'CGGTAATC')	1
('TGTTCCGT', 'AACAGCGA')	1
('CTAGCTCA', 'AACAGCGA')	1
('TCGAGAGT', 'GTCCTAAG')	1
('GTAGCGTA', 'TCTTCGAC')	1
('GTAGCGTA', 'ATCGTGGT')	1
('TCGGATTC', 'AGGATAGC')	1
('ATCGTGGT', 'ATCATGCG')	1
('TAGCCATG', 'CGATCGAT')	1
('GTAGCGTA', 'AACAGCGA')	1
('AACAGCGA', 'GCTACTCT')	1
('CGGTAATC', 'AACAGCGA')	1
('TCGAGAGT', 'TCGACAAG')	1
('GCTACTCT', 'AGAGTCCA')	1
('AGAGTCCA', 'TGTTCCGT')	1
('ATCATGCG', 'GATCAAGG')	1
('GTAGCGTA', 'ATCATGCG')	1
('TCGACAAG', 'CTCTGGAT')	1
('ATCATGCG', 'GTAGCGTA')	1
('CGGTAATC', 'GATCTTGC')	1
('GTAGCGTA', 'TATGGCAC')	1
('TCGACAAG', 'AGGATAGC')	1
('CACTTCAC', 'TGTTCCGT')	1
('CGGTAATC', 'CGATCGAT')	1
('TAGCCATG', 'TCGGATTC')	1
('CACTTCAC', 'GATCTTGC')	1
('TAGCCATG', 'AGGATAGC')	1
('GTCCTAAG', 'TCGACAAG')	1
('AACAGCGA', 'TCGGATTC')	1
('ATCGTGGT', 'GTCCTAAG')	1
('TCGAGAGT', 'GATCTTGC')	1
('AGAGTCCA', 'GATCAAGG')	1
('ACGATCAG', 'TGTTCCGT')	1
('ATCGTGGT', 'GATCTTGC')	1
('TAGCCATG', 'TCGAGAGT')	1
('GTAGCGTA', 'CGGTAATC')	1
('GCTACTCT', 'TAGCCATG')	1
('ATCGTGGT', 'TCGGATTC')	1
('CGGTAATC', 'ATCATGCG')	1
('ATCGTGGT', 'AACAGCGA')	1
('GTCCTAAG', 'GTAGCGTA')	1
('GCTACTCT', 'ATCATGCG')	1
('TCGACAAG', 'TATGGCAC')	1
('AACAGCGA', 'GATCAAGG')	1
('AACAGCGA', 'TATGGCAC')	1
('ATCATGCG', 'GTCCTAAG')	1
('TCGAGAGT', 'CGGTAATC')	1
('GATCTTGC', 'GATCAAGG')	1
('AGAGTCCA', 'TAGCCATG')	1
('AACAGCGA', 'AGAGTCCA')	1
('GTAGCGTA', 'GTCCTAAG')	1
('TAGCCATG', 'AGAGTCCA')	1
('TCGACAAG', 'GATCTTGC')	1
('GATCTTGC', 'TCGAGAGT')	1
('CTAGCTCA', 'CGATCGAT')	1
('CGATCGAT', 'TCGACAAG')	1
('AACAGCGA', 'AGGATAGC')	1
('TAGCCATG', 'GTAGCGTA')	1
('GATCTTGC', 'ATCATGCG')	1
('ACGATCAG', 'TCGACAAG')	1
('CACTTCAC', 'GTCCTAAG')	1
('TAGCCATG', 'GTCCTAAG')	1
('GATCTTGC', 'GCTACTCT')	1
('CTAGCTCA', 'TCGGATTC')	1
('CGATCGAT', 'AGAGTCCA')	1
('TCGACAAG', 'ACGATCAG')	1
('CACTTCAC', 'TCGAGAGT')	1
('TCTTCGAC', 'CACTTCAC')	1
('TCGACAAG', 'GTAGCGTA')	1
('CGATCGAT', 'TCGAGAGT')	1
('GCTACTCT', 'CTAGCTCA')	1
('TAGCCATG', 'AACAGCGA')	1
('TATGGCAC', 'CGATCGAT')	1
('AGGATAGC', 'CACTTCAC')	1
('TCGGATTC', 'TATGGCAC')	1
('ACGATCAG', 'GATCTTGC')	1
('CGGTAATC', 'GTAGCGTA')	1
('CGATCGAT', 'GATCAAGG')	1
('ACGATCAG', 'AGGATAGC')	1
('GTAGCGTA', 'AGGATAGC')	1
('CGGTAATC', 'CACTTCAC')	1
('CGATCGAT', 'TAGCCATG')	1
('ATCGTGGT', 'GCTACTCT')	1
('TCGAGAGT', 'ATCATGCG')	1
('GATCAAGG', 'GATCTTGC')	1
('GTCCTAAG', 'CGGTAATC')	1
('GCTACTCT', 'CGGTAATC')	1
('TCGGATTC', 'TGTTCCGT')	1
('CGATCGAT', 'CGGTAATC')	1
('GATCAAGG', 'AACAGCGA')	1
('GATCAAGG', 'TCGACAAG')	1
('TCGGATTC', 'CTCTGGAT')	1
('ATCGTGGT', 'CGGTAATC')	1
('CGGTAATC', 'AGAGTCCA')	1
('GTAGCGTA', 'TCGACAAG')	1
('ATCATGCG', 'GATCTTGC')	1
('CACTTCAC', 'AACAGCGA')	1
('GATCTTGC', 'TGTTCCGT')	1
('GATCAAGG', 'TATGGCAC')	1
('TATGGCAC', 'TCGACAAG')	1
('ATCGTGGT', 'TCGACAAG')	1
('GATCTTGC', 'ATCGTGGT')	1
('TAGCCATG', 'ATCGTGGT')	1
('TCGACAAG', 'GCTACTCT')	1
('GTCCTAAG', 'GATCTTGC')	1
('GCTACTCT', 'CGATCGAT')	1
('TCGGATTC', 'CTAGCTCA')	1
('AACAGCGA', 'GTAGCGTA')	1
('CGATCGAT', 'GTCCTAAG')	1
('ATCGTGGT', 'CGATCGAT')	1
('ACGATCAG', 'GCTACTCT')	1
('TCGGATTC', 'ATCGTGGT')	1
('GTCCTAAG', 'AGAGTCCA')	1
('AGAGTCCA', 'GATCTTGC')	1
('ATCATGCG', 'CACTTCAC')	1
('GATCTTGC', 'AGGATAGC')	1
('GATCAAGG', 'TCGGATTC')	1
('GATCTTGC', 'GTCCTAAG')	1
('GATCAAGG', 'TCGAGAGT')	1
('TCGACAAG', 'ATCGTGGT')	1
('AGAGTCCA', 'CACTTCAC')	1
('ACGATCAG', 'GTAGCGTA')	1
('CGATCGAT', 'ATCGTGGT')	1
('GATCTTGC', 'TAGCCATG')	1
('ATCATGCG', 'CGATCGAT')	1
('GCTACTCT', 'ATCGTGGT')	1
('GATCTTGC', 'CACTTCAC')	1
('AACAGCGA', 'TCGACAAG')	1
('TATGGCAC', 'CGGTAATC')	1
('GCTACTCT', 'AACAGCGA')	1
('GATCTTGC', 'AGAGTCCA')	1
('GATCTTGC', 'TCGACAAG')	1
('CGGTAATC', 'GCTACTCT')	1
('CGATCGAT', 'TCGGATTC')	1
('CACTTCAC', 'GTAGCGTA')	1
('TCGAGAGT', 'CACTTCAC')	1
('GCTACTCT', 'TCGGATTC')	1
('CACTTCAC', 'GATCAAGG')	1
('CACTTCAC', 'ATCGTGGT')	1
('GTCCTAAG', 'CACTTCAC')	1
('TCGGATTC', 'ATCATGCG')	1
('GATCTTGC', 'GTAGCGTA')	1
('GATCTTGC', 'TCGGATTC')	1
('TCGACAAG', 'CGGTAATC')	1
('TCGGATTC', 'GTAGCGTA')	1
('GATCAAGG', 'CGGTAATC')	1
('TCGGATTC', 'AGAGTCCA')	1
('GCTACTCT', 'CACTTCAC')	1
('CACTTCAC', 'TCGACAAG')	1
('TCGACAAG', 'CACTTCAC')	1
